"Datum"	"Temperatur Sensor 1 [ �C]"	"Temperatur Sensor 2 [ �C]"	"Temperatur Sensor 3 [ �C]"	"Temperatur Sensor 4 [ �C]"	"Temperatur Sensor 5 [ �C]"	"Temperatur Sensor 6 [ �C]"	"Temperatur Sensor 7 [ �C]"	"Temperatur Sensor 8 [ �C]"	"Volumenstrom [ m�/h]"	"Einstrahlung [ W/qm]"	"Drehzahl 1 [%]"	"Drehzahl 2 [%]"	"Drehzahl 3 [%]"	"Relais 4"	"Relais 5"	"Relais 6"	"Systemzeit"	"Schema"	"Option: Kollektork�hlung"	"Option: Kollektorminimalbegrenzung"	"Option: Frostschutzfunktion"	"Option: R�hrenkollektorfunktion"	"Option: R�ckk�hlung"	"Option: W�rmemengenz�hlung"	"Betriebsstunden 1 [ h]"	"Betriebsstunden 2 [ h]"	"Betriebsstunden 3 [ h]"	"Betriebsstunden 4 [ h]"	"Betriebsstunden 5 [ h]"	"Betriebsstunden 6 [ h]"	"W�rmemenge [ Wh]"									
29.03.11 00:02	15	6	24	7	45	5	40	9	27	5	888	8	888	8	888	8	0	0	0	0	0	0	0	1	0	23:15:00	33	1	0	0	0	0	0	4818	0	3013	1716	153	3013	0
29.03.11 00:05	15	5	24	6	45	4	40	8	27	3	888	8	888	8	888	8	0	0	0	0	0	0	0	1	0	23:18:00	33	1	0	0	0	0	0	4818	0	3013	1716	153	3013	0
29.03.11 00:08	15	5	24	6	45	3	40	8	27	2	888	8	888	8	888	8	0	0	0	0	0	0	0	1	0	23:21:00	33	1	0	0	0	0	0	4818	0	3013	1716	153	3013	0
29.03.11 00:11	15	5	24	6	45	3	40	7	27	1	888	8	888	8	888	8	0	0	0	0	0	0	0	1	0	23:24:00	33	1	0	0	0	0	0	4818	0	3013	1716	153	3013	0
29.03.11 00:14	15	0	24	6	45	2	40	6	27	0	888	8	888	8	888	8	0	0	0	0	0	0	0	1	0	23:27:00	33	1	0	0	0	0	0	4818	0	3013	1716	153	3013	0
29.03.11 00:17	15	4	24	6	45	1	40	5	26	8	888	8	888	8	888	8	0	0	0	0	0	0	0	1	0	23:30:00	33	1	0	0	0	0	0	4818	0	3013	1716	153	3013	0
29.03.11 00:20	15	3	24	5	45	0	40	4	26	8	888	8	888	8	888	8	0	0	0	0	0	0	0	1	0	23:33:00	33	1	0	0	0	0	0	4818	0	3013	1716	153	3013	0
29.03.11 00:23	15	2	24	5	45	0	40	2	26	6	888	8	888	8	888	8	0	0	0	0	0	0	0	1	0	23:36:00	33	1	0	0	0	0	0	4818	0	3013	1716	153	3013	0
29.03.11 00:26	15	3	24	5	44	9	40	2	26	5	888	8	888	8	888	8	0	0	0	0	0	0	0	1	0	23:39:00	33	1	0	0	0	0	0	4818	0	3013	1716	153	3013	0
29.03.11 00:29	15	1	24	5	44	9	40	0	26	4	888	8	888	8	888	8	0	0	0	0	0	0	0	1	0	23:42:00	33	1	0	0	0	0	0	4818	0	3013	1716	153	3013	0
29.03.11 00:32	15	1	24	4	44	8	40	0	26	4	888	8	888	8	888	8	0	0	0	0	0	0	0	1	0	23:45:00	33	1	0	0	0	0	0	4818	0	3013	1716	153	3013	0
29.03.11 00:35	15	0	24	4	44	7	40	0	26	2	888	8	888	8	888	8	0	0	0	0	0	0	0	1	0	23:48:00	33	1	0	0	0	0	0	4818	0	3013	1716	153	3013	0
29.03.11 00:38	15	1	24	4	44	7	39	9	26	1	888	8	888	8	888	8	0	0	0	0	0	0	0	1	0	23:51:00	33	1	0	0	0	0	0	4818	0	3013	1716	153	3013	0
29.03.11 00:41	15	1	24	4	44	6	39	8	26	1	888	8	888	8	888	8	0	0	0	0	0	0	0	1	0	23:55:00	33	1	0	0	0	0	0	4818	0	3013	1716	153	3013	0
29.03.11 00:44	15	0	24	4	44	5	39	8	26	0	888	8	888	8	888	8	0	0	0	0	0	0	0	1	0	23:58:00	33	1	0	0	0	0	0	4818	0	3013	1716	153	3013	0
29.03.11 00:47	14	9	24	4	44	5	39	7	25	9	888	8	888	8	888	8	0	0	0	0	0	0	0	1	0	00:01:00	33	1	0	0	0	0	0	4818	0	3013	1716	153	3013	0
29.03.11 00:50	14	9	24	3	44	4	39	7	25	8	888	8	888	8	888	8	0	0	0	0	0	0	0	1	0	00:04:00	33	1	0	0	0	0	0	4818	0	3013	1716	153	3013	0
29.03.11 00:53	14	5	24	3	44	3	39	6	25	7	888	8	888	8	888	8	0	0	0	0	0	0	0	1	0	00:07:00	33	1	0	0	0	0	0	4818	0	3013	1716	154	3013	0
29.03.11 00:56	14	8	24	3	44	3	39	5	25	6	888	8	888	8	888	8	0	0	0	0	0	0	0	1	0	00:10:00	33	1	0	0	0	0	0	4818	0	3013	1716	154	3013	0
29.03.11 00:59	14	7	24	3	44	2	39	4	25	6	888	8	888	8	888	8	0	0	0	0	0	0	0	1	0	00:13:00	33	1	0	0	0	0	0	4818	0	3013	1716	154	3013	0
29.03.11 01:02	14	6	24	2	44	1	39	4	25	5	888	8	888	8	888	8	0	0	0	0	0	0	0	1	0	00:16:00	33	1	0	0	0	0	0	4818	0	3013	1716	154	3013	0
29.03.11 01:05	14	7	24	2	44	0	39	3	25	4	888	8	888	8	888	8	0	0	0	0	0	0	0	1	0	00:19:00	33	1	0	0	0	0	0	4818	0	3013	1716	154	3013	0
29.03.11 01:09	14	7	24	2	43	9	39	3	25	4	888	8	888	8	888	8	0	0	0	0	0	0	0	1	0	00:22:00	33	1	0	0	0	0	0	4818	0	3013	1716	154	3013	0
29.03.11 01:12	14	6	24	2	43	9	39	2	25	3	888	8	888	8	888	8	0	0	0	0	0	0	0	1	0	00:25:00	33	1	0	0	0	0	0	4818	0	3013	1716	154	3013	0
29.03.11 01:15	14	5	24	2	43	9	39	2	25	2	888	8	888	8	888	8	0	0	0	0	0	0	0	1	0	00:28:00	33	1	0	0	0	0	0	4818	0	3013	1716	154	3013	0
29.03.11 01:18	14	5	24	2	43	8	39	2	25	2	888	8	888	8	888	8	0	0	0	0	0	0	0	1	0	00:31:00	33	1	0	0	0	0	0	4818	0	3013	1716	154	3013	0
29.03.11 01:21	14	4	24	1	43	7	39	2	25	1	888	8	888	8	888	8	0	0	0	0	0	0	0	1	0	00:34:00	33	1	0	0	0	0	0	4818	0	3013	1716	154	3013	0
29.03.11 01:24	14	4	24	1	43	6	39	1	25	1	888	8	888	8	888	8	0	0	0	0	0	0	0	1	0	00:37:00	33	1	0	0	0	0	0	4818	0	3013	1716	154	3013	0
29.03.11 01:27	14	4	24	1	43	5	39	0	25	0	888	8	888	8	888	8	0	0	0	0	0	0	0	1	0	00:40:00	33	1	0	0	0	0	0	4818	0	3013	1716	154	3013	0
29.03.11 01:30	14	3	24	1	43	5	38	9	24	9	888	8	888	8	888	8	0	0	0	0	0	0	0	1	0	00:43:00	33	1	0	0	0	0	0	4818	0	3013	1716	154	3013	0
29.03.11 01:33	14	4	24	0	43	4	38	9	24	9	888	8	888	8	888	8	0	0	0	0	0	0	0	1	0	00:46:00	33	1	0	0	0	0	0	4818	0	3013	1716	154	3013	0
29.03.11 01:36	14	4	24	0	43	4	38	8	24	9	888	8	888	8	888	8	0	0	0	0	0	0	0	1	0	00:49:00	33	1	0	0	0	0	0	4818	0	3013	1716	154	3013	0
29.03.11 01:39	14	4	24	0	43	3	38	7	24	8	888	8	888	8	888	8	0	0	0	0	0	0	0	1	0	00:52:00	33	1	0	0	0	0	0	4818	0	3013	1716	154	3013	0
29.03.11 01:42	14	3	24	0	43	2	38	7	24	7	888	8	888	8	888	8	0	0	0	0	0	0	0	1	0	00:55:00	33	1	0	0	0	0	0	4818	0	3013	1716	154	3013	0
29.03.11 01:45	14	3	24	0	43	2	38	7	24	7	888	8	888	8	888	8	0	0	0	0	0	0	0	1	0	00:58:00	33	1	0	0	0	0	0	4818	0	3013	1716	154	3013	0
29.03.11 01:48	14	2	24	0	43	1	38	7	24	6	888	8	888	8	888	8	0	0	0	0	0	0	0	1	0	01:01:00	33	1	0	0	0	0	0	4818	0	3013	1716	154	3013	0
29.03.11 01:51	14	3	23	9	43	0	38	7	24	6	888	8	888	8	888	8	0	0	0	0	0	0	0	1	0	01:04:00	33	1	0	0	0	0	0	4818	0	3013	1716	154	3013	0
29.03.11 01:54	14	2	23	9	43	0	38	7	24	6	888	8	888	8	888	8	0	0	0	0	0	0	0	1	0	01:07:00	33	1	0	0	0	0	0	4818	0	3013	1716	155	3013	0
29.03.11 01:57	14	1	23	8	42	9	38	7	24	6	888	8	888	8	888	8	0	0	0	0	0	0	0	1	0	01:10:00	33	1	0	0	0	0	0	4818	0	3013	1716	155	3013	0
29.03.11 02:00	14	2	23	8	42	8	38	7	24	6	888	8	888	8	888	8	0	0	0	0	0	0	0	1	0	01:13:00	33	1	0	0	0	0	0	4818	0	3013	1716	155	3013	0
29.03.11 02:03	14	1	23	8	42	7	38	7	24	6	888	8	888	8	888	8	0	0	0	0	0	0	0	1	0	01:16:00	33	1	0	0	0	0	0	4818	0	3013	1716	155	3013	0
29.03.11 02:06	14	0	23	8	42	7	38	7	24	6	888	8	888	8	888	8	0	0	0	0	0	0	0	1	0	01:19:00	33	1	0	0	0	0	0	4818	0	3013	1716	155	3013	0
29.03.11 02:09	14	0	23	7	42	6	38	7	24	6	888	8	888	8	888	8	0	0	0	0	0	0	0	1	0	01:22:00	33	1	0	0	0	0	0	4818	0	3013	1716	155	3013	0
29.03.11 02:12	14	0	23	7	42	5	38	7	24	5	888	8	888	8	888	8	0	0	0	0	0	0	0	1	0	01:25:00	33	1	0	0	0	0	0	4818	0	3013	1716	155	3013	0
29.03.11 02:15	13	9	23	7	42	5	38	7	24	5	888	8	888	8	888	8	0	0	0	0	0	0	0	1	0	01:28:00	33	1	0	0	0	0	0	4818	0	3013	1716	155	3013	0
29.03.11 02:18	13	9	23	7	42	4	38	7	24	4	888	8	888	8	888	8	0	0	0	0	0	0	0	1	0	01:31:00	33	1	0	0	0	0	0	4818	0	3013	1716	155	3013	0
29.03.11 02:21	13	8	23	7	42	3	38	7	24	4	888	8	888	8	888	8	0	0	0	0	0	0	0	1	0	01:34:00	33	1	0	0	0	0	0	4818	0	3013	1716	155	3013	0
29.03.11 02:24	13	7	23	6	42	3	38	8	24	3	888	8	888	8	888	8	0	0	0	0	0	0	0	1	0	01:37:00	33	1	0	0	0	0	0	4818	0	3013	1716	155	3013	0
29.03.11 02:27	13	7	23	6	42	2	38	8	24	3	888	8	888	8	888	8	0	0	0	0	0	0	0	1	0	01:40:00	33	1	0	0	0	0	0	4818	0	3013	1716	155	3013	0
29.03.11 02:30	13	7	23	6	42	1	38	8	24	3	888	8	888	8	888	8	0	0	0	0	0	0	0	1	0	01:43:00	33	1	0	0	0	0	0	4818	0	3013	1716	155	3013	0
29.03.11 02:33	13	6	23	5	42	0	38	9	24	3	888	8	888	8	888	8	0	0	0	0	0	0	0	1	0	01:46:00	33	1	0	0	0	0	0	4818	0	3013	1716	155	3013	0
29.03.11 02:36	13	5	23	6	42	0	38	8	24	3	888	8	888	8	888	8	0	0	0	0	0	0	0	1	0	01:49:00	33	1	0	0	0	0	0	4818	0	3013	1716	155	3013	0
29.03.11 02:39	13	6	23	5	41	9	38	8	24	3	888	8	888	8	888	8	0	0	0	0	0	0	0	1	0	01:52:00	33	1	0	0	0	0	0	4818	0	3013	1716	155	3013	0
29.03.11 02:42	13	3	23	5	41	9	38	9	24	3	888	8	888	8	888	8	0	0	0	0	0	0	0	1	0	01:55:00	33	1	0	0	0	0	0	4818	0	3013	1716	155	3013	0
29.03.11 02:45	13	4	23	5	41	8	38	9	24	3	888	8	888	8	888	8	0	0	0	0	0	0	0	1	0	01:58:00	33	1	0	0	0	0	0	4818	0	3013	1716	155	3013	0
29.03.11 02:48	13	6	23	5	41	7	38	8	24	3	888	8	888	8	888	8	0	0	0	0	0	0	0	1	0	02:01:00	33	1	0	0	0	0	0	4818	0	3013	1716	155	3013	0
29.03.11 02:51	13	6	23	5	41	7	38	8	24	2	888	8	888	8	888	8	0	0	0	0	0	0	0	1	0	02:04:00	33	1	0	0	0	0	0	4818	0	3013	1716	156	3013	0
29.03.11 02:54	13	5	23	4	41	6	38	8	24	2	888	8	888	8	888	8	0	0	0	0	0	0	0	1	0	02:07:00	33	1	0	0	0	0	0	4818	0	3013	1716	156	3013	0
29.03.11 02:57	13	5	23	4	41	5	38	8	24	1	888	8	888	8	888	8	0	0	0	0	0	0	0	1	0	02:10:00	33	1	0	0	0	0	0	4818	0	3013	1716	156	3013	0
29.03.11 03:00	13	4	23	4	41	5	38	9	24	1	888	8	888	8	888	8	0	0	0	0	0	0	0	1	0	02:13:00	33	1	0	0	0	0	0	4818	0	3013	1716	156	3013	0
29.03.11 03:03	13	4	23	3	41	4	38	8	24	0	888	8	888	8	888	8	0	0	0	0	0	0	0	1	0	02:17:00	33	1	0	0	0	0	0	4818	0	3013	1716	156	3013	0
29.03.11 03:06	13	3	23	3	41	3	38	8	24	0	888	8	888	8	888	8	0	0	0	0	0	0	0	1	0	02:20:00	33	1	0	0	0	0	0	4818	0	3013	1716	156	3013	0
29.03.11 03:09	13	4	23	3	41	3	38	8	24	0	888	8	888	8	888	8	0	0	0	0	0	0	0	1	0	02:23:00	33	1	0	0	0	0	0	4818	0	3013	1716	156	3013	0
29.03.11 03:12	13	2	23	3	41	2	38	8	24	0	888	8	888	8	888	8	0	0	0	0	0	0	0	1	0	02:26:00	33	1	0	0	0	0	0	4818	0	3013	1716	156	3013	0
29.03.11 03:15	13	3	23	3	41	2	38	8	24	0	888	8	888	8	888	8	0	0	0	0	0	0	0	1	0	02:29:00	33	1	0	0	0	0	0	4818	0	3013	1716	156	3013	0
29.03.11 03:18	13	1	23	2	41	1	38	8	23	9	888	8	888	8	888	8	0	0	0	0	0	0	0	1	0	02:32:00	33	1	0	0	0	0	0	4818	0	3013	1716	156	3013	0
29.03.11 03:21	13	3	23	2	41	0	38	8	23	9	888	8	888	8	888	8	0	0	0	0	0	0	0	1	0	02:35:00	33	1	0	0	0	0	0	4818	0	3013	1716	156	3013	0
29.03.11 03:24	13	1	23	2	41	0	38	8	23	8	888	8	888	8	888	8	0	0	0	0	0	0	0	1	0	02:38:00	33	1	0	0	0	0	0	4818	0	3013	1716	156	3013	0
29.03.11 03:27	13	0	23	1	40	9	38	8	23	8	888	8	888	8	888	8	0	0	0	0	0	0	0	1	0	02:41:00	33	1	0	0	0	0	0	4818	0	3013	1716	156	3013	0
29.03.11 03:31	13	1	23	0	40	9	38	8	23	7	888	8	888	8	888	8	0	0	0	0	0	0	0	1	0	02:44:00	33	1	0	0	0	0	0	4818	0	3013	1716	156	3013	0
29.03.11 03:34	13	1	23	0	40	8	38	7	23	7	888	8	888	8	888	8	0	0	0	0	0	0	0	1	0	02:47:00	33	1	0	0	0	0	0	4818	0	3013	1716	156	3013	0
29.03.11 03:37	13	1	23	0	40	8	38	7	23	7	888	8	888	8	888	8	0	0	0	0	0	0	0	1	0	02:50:00	33	1	0	0	0	0	0	4818	0	3013	1716	156	3013	0
29.03.11 03:40	13	0	22	9	40	8	38	7	23	6	888	8	888	8	888	8	0	0	0	0	0	0	0	1	0	02:53:00	33	1	0	0	0	0	0	4818	0	3013	1716	156	3013	0
29.03.11 03:43	13	0	22	9	40	7	38	7	23	5	888	8	888	8	888	8	0	0	0	0	0	0	0	1	0	02:56:00	33	1	0	0	0	0	0	4818	0	3013	1716	156	3013	0
29.03.11 03:46	12	9	22	9	40	6	38	7	23	5	888	8	888	8	888	8	0	0	0	0	0	0	0	1	0	02:59:00	33	1	0	0	0	0	0	4818	0	3013	1716	156	3013	0
29.03.11 03:49	12	9	22	8	40	5	38	7	23	4	888	8	888	8	888	8	0	0	0	0	0	0	0	1	0	03:02:00	33	1	0	0	0	0	0	4818	0	3013	1716	156	3013	0
29.03.11 03:52	13	0	22	8	40	5	38	7	23	4	888	8	888	8	888	8	0	0	0	0	0	0	0	1	0	03:05:00	33	1	0	0	0	0	0	4818	0	3013	1716	157	3013	0
29.03.11 03:55	12	9	22	8	40	4	38	7	23	5	888	8	888	8	888	8	0	0	0	0	0	0	0	1	0	03:08:00	33	1	0	0	0	0	0	4818	0	3013	1716	157	3013	0
29.03.11 03:58	12	8	22	8	40	4	38	6	23	5	888	8	888	8	888	8	0	0	0	0	0	0	0	1	0	03:11:00	33	1	0	0	0	0	0	4818	0	3013	1716	157	3013	0
29.03.11 04:01	12	9	22	8	40	3	38	5	23	4	888	8	888	8	888	8	0	0	0	0	0	0	0	1	0	03:14:00	33	1	0	0	0	0	0	4818	0	3013	1716	157	3013	0
29.03.11 04:04	12	8	22	8	40	5	38	4	24	4	888	8	888	8	888	8	0	0	0	0	0	0	0	1	0	03:17:00	33	1	0	0	0	0	0	4818	0	3013	1716	157	3013	0
29.03.11 04:07	12	7	22	7	45	4	38	5	24	3	888	8	888	8	888	8	0	0	0	0	0	0	0	1	0	03:20:00	33	1	0	0	0	0	0	4818	0	3013	1716	157	3013	0
29.03.11 04:10	12	7	22	7	48	5	38	6	24	3	888	8	888	8	888	8	0	0	0	0	0	0	0	1	0	03:23:00	33	1	0	0	0	0	0	4818	0	3013	1716	157	3013	0
29.03.11 04:13	12	7	22	7	50	4	38	9	24	8	888	8	888	8	888	8	0	0	0	0	0	0	0	1	0	03:26:00	33	1	0	0	0	0	0	4818	0	3013	1716	157	3013	0
29.03.11 04:16	12	8	22	7	52	7	39	4	25	3	888	8	888	8	888	8	0	0	0	0	0	0	0	1	0	03:29:00	33	1	0	0	0	0	0	4818	0	3013	1716	157	3013	0
29.03.11 04:19	12	7	22	6	52	8	40	4	25	5	888	8	888	8	888	8	0	0	0	0	0	0	0	1	0	03:32:00	33	1	0	0	0	0	0	4818	0	3013	1716	157	3013	0
29.03.11 04:22	12	6	22	6	52	7	41	6	25	4	888	8	888	8	888	8	0	0	0	0	0	0	0	1	0	03:35:00	33	1	0	0	0	0	0	4818	0	3013	1716	157	3013	0
29.03.11 04:25	12	7	22	6	52	6	42	2	25	4	888	8	888	8	888	8	0	0	0	0	0	0	0	1	0	03:38:00	33	1	0	0	0	0	0	4818	0	3013	1716	157	3013	0
29.03.11 04:28	12	6	22	6	52	5	42	5	25	5	888	8	888	8	888	8	0	0	0	0	0	0	0	1	0	03:41:00	33	1	0	0	0	0	0	4818	0	3013	1716	157	3013	0
29.03.11 04:31	12	6	22	6	52	3	42	8	25	7	888	8	888	8	888	8	0	0	0	0	0	0	0	1	0	03:44:00	33	1	0	0	0	0	0	4818	0	3013	1716	157	3013	0
29.03.11 04:34	12	4	22	6	52	2	42	9	25	8	888	8	888	8	888	8	0	0	0	0	0	0	0	1	0	03:47:00	33	1	0	0	0	0	0	4818	0	3013	1716	157	3013	0
29.03.11 04:37	12	5	22	6	52	1	43	0	25	9	888	8	888	8	888	8	0	0	0	0	0	0	0	1	0	03:50:00	33	1	0	0	0	0	0	4818	0	3013	1716	157	3013	0
29.03.11 04:40	12	5	22	6	52	1	43	1	26	0	888	8	888	8	888	8	0	0	0	0	0	0	0	1	0	03:53:00	33	1	0	0	0	0	0	4818	0	3013	1716	157	3013	0
29.03.11 04:43	12	4	22	6	52	0	43	1	26	1	888	8	888	8	888	8	0	0	0	0	0	0	0	1	0	03:56:00	33	1	0	0	0	0	0	4818	0	3013	1716	157	3013	0
29.03.11 04:46	12	4	22	5	51	9	43	3	26	1	888	8	888	8	888	8	0	0	0	0	0	0	0	1	0	03:59:00	33	1	0	0	0	0	0	4818	0	3013	1716	157	3013	0
29.03.11 04:49	12	5	22	5	51	8	43	3	26	1	888	8	888	8	888	8	0	0	0	0	0	0	0	1	0	04:02:00	33	1	0	0	0	0	0	4818	0	3013	1716	157	3013	0
29.03.11 04:52	12	3	22	5	51	7	43	3	26	2	888	8	888	8	888	8	0	0	0	0	0	0	0	1	0	04:05:00	33	1	0	0	0	0	0	4818	0	3013	1716	158	3013	0
29.03.11 04:55	12	3	22	5	51	6	43	4	26	3	888	8	888	8	888	8	0	0	0	0	0	0	0	1	0	04:08:00	33	1	0	0	0	0	0	4818	0	3013	1716	158	3013	0
29.03.11 04:58	12	3	22	5	51	5	41	9	19	6	888	8	888	8	888	8	0	0	0	0	0	0	0	1	0	04:11:00	33	1	0	0	0	0	0	4818	0	3013	1716	158	3013	0
29.03.11 05:01	12	3	22	4	51	5	39	6	21	8	888	8	888	8	888	8	0	0	0	0	0	0	0	1	0	04:14:00	33	1	0	0	0	0	0	4818	0	3013	1716	158	3013	0
29.03.11 05:04	12	2	22	3	51	4	37	9	28	7	888	8	888	8	888	8	0	0	0	0	0	0	0	1	0	04:17:00	33	1	0	0	0	0	0	4818	0	3013	1716	158	3013	0
29.03.11 05:07	12	3	22	3	51	2	36	3	37	9	888	8	888	8	888	8	0	0	0	0	0	0	0	0	0	04:20:00	33	1	0	0	0	0	0	4818	0	3013	1716	158	3013	0
29.03.11 05:10	12	3	22	3	51	1	35	7	43	8	888	8	888	8	888	8	0	0	0	0	0	0	0	0	0	04:23:00	33	1	0	0	0	0	0	4818	0	3013	1716	158	3013	0
29.03.11 05:13	12	1	22	3	51	0	35	3	43	7	888	8	888	8	888	8	0	0	0	0	0	0	0	0	0	04:26:00	33	1	0	0	0	0	0	4818	0	3013	1716	158	3013	0
29.03.11 05:16	12	1	22	3	50	8	35	0	44	5	888	8	888	8	888	8	0	0	0	0	0	0	0	0	0	04:29:00	33	1	0	0	0	0	0	4818	0	3013	1716	158	3013	0
29.03.11 05:19	12	0	22	2	50	7	34	7	47	3	888	8	888	8	888	8	0	0	0	0	0	0	0	0	0	04:32:00	33	1	0	0	0	0	0	4818	0	3013	1716	158	3013	0
29.03.11 05:22	11	8	22	2	50	6	34	5	48	8	888	8	888	8	888	8	0	0	0	0	0	0	0	0	0	04:35:00	33	1	0	0	0	0	0	4818	0	3013	1716	158	3013	0
29.03.11 05:25	11	7	22	2	50	4	34	4	47	0	888	8	888	8	888	8	0	0	0	0	0	0	0	0	0	04:38:00	33	1	0	0	0	0	0	4818	0	3013	1716	158	3013	0
29.03.11 05:28	11	6	22	2	50	2	34	2	47	2	888	8	888	8	888	8	0	0	0	0	0	0	0	0	0	04:42:00	33	1	0	0	0	0	0	4818	0	3013	1716	158	3013	0
29.03.11 05:31	11	6	22	2	50	0	34	2	41	5	888	8	888	8	888	8	0	0	0	0	0	0	0	0	0	04:45:00	33	1	0	0	0	0	0	4818	0	3013	1716	158	3013	0
29.03.11 05:34	11	5	22	1	49	9	34	1	45	5	888	8	888	8	888	8	0	0	0	0	0	0	0	0	0	04:48:00	33	1	0	0	0	0	0	4818	0	3013	1716	158	3013	0
29.03.11 05:37	11	4	22	1	49	7	34	0	47	3	888	8	888	8	888	8	0	0	0	0	0	0	0	0	0	04:51:00	33	1	0	0	0	0	0	4818	0	3013	1716	158	3013	0
29.03.11 05:40	11	3	22	1	49	4	34	0	49	5	888	8	888	8	888	8	0	0	0	0	0	0	0	0	0	04:54:00	33	1	0	0	0	0	0	4818	0	3013	1716	158	3013	0
29.03.11 05:43	11	3	22	1	48	9	34	0	48	0	888	8	888	8	888	8	0	0	0	0	0	0	0	0	0	04:57:00	33	1	0	0	0	0	0	4818	0	3013	1716	158	3013	0
29.03.11 05:46	11	2	22	1	48	2	34	0	49	2	888	8	888	8	888	8	0	0	0	0	0	0	0	0	0	05:00:00	33	1	0	0	0	0	0	4818	0	3013	1716	158	3013	0
29.03.11 05:49	11	2	22	1	47	7	34	0	50	6	888	8	888	8	888	8	0	0	0	0	0	0	0	0	0	05:03:00	33	1	0	0	0	0	0	4818	0	3013	1716	158	3013	0
29.03.11 05:52	11	1	22	1	47	3	34	0	52	1	888	8	888	8	888	8	0	0	0	0	0	0	0	0	0	05:06:00	33	1	0	0	0	0	0	4818	0	3013	1716	158	3013	0
29.03.11 05:56	11	0	22	0	47	2	34	0	48	7	888	8	888	8	888	8	0	0	0	0	0	0	0	0	0	05:09:00	33	1	0	0	0	0	0	4818	0	3013	1716	158	3013	0
29.03.11 05:59	11	0	22	0	47	1	34	1	50	2	888	8	888	8	888	8	0	0	0	0	0	0	0	0	0	05:12:00	33	1	0	0	0	0	0	4818	0	3013	1716	158	3013	0
29.03.11 06:02	10	9	22	0	47	1	34	1	49	4	888	8	888	8	888	8	0	0	0	0	0	0	0	0	0	05:15:00	33	1	0	0	0	0	0	4818	0	3013	1716	158	3013	0
29.03.11 06:05	10	9	22	0	47	1	34	2	51	8	888	8	888	8	888	8	0	0	0	0	0	0	0	0	0	05:18:00	33	1	0	0	0	0	0	4818	0	3013	1716	158	3013	0
29.03.11 06:08	10	9	22	0	47	3	34	2	53	3	888	8	888	8	888	8	0	0	0	0	0	0	0	0	0	05:21:00	33	1	0	0	0	0	0	4818	0	3013	1716	158	3013	0
29.03.11 06:11	10	8	21	9	47	4	34	3	49	3	888	8	888	8	888	8	0	0	0	0	0	0	0	0	0	05:24:00	33	1	0	0	0	0	0	4818	0	3013	1716	158	3013	0
29.03.11 06:14	10	8	21	9	47	2	34	3	49	4	888	8	888	8	888	8	0	0	0	0	0	0	0	0	0	05:27:00	33	1	0	0	0	0	0	4818	0	3013	1716	158	3013	0
29.03.11 06:17	10	7	21	9	47	3	34	4	50	3	888	8	888	8	888	8	0	0	0	0	0	0	0	0	0	05:30:00	33	1	0	0	0	0	0	4818	0	3013	1716	158	3013	0
29.03.11 06:20	10	6	21	9	47	2	34	4	49	6	888	8	888	8	888	8	0	0	0	0	0	0	0	0	0	05:33:00	33	1	0	0	0	0	0	4818	0	3013	1716	158	3013	0
29.03.11 06:23	10	7	21	8	47	2	34	5	52	6	888	8	888	8	888	8	0	0	0	0	0	0	0	0	0	05:36:00	33	1	0	0	0	0	0	4818	0	3013	1716	158	3013	0
29.03.11 06:26	10	6	21	8	47	4	34	5	51	3	888	8	888	8	888	8	0	0	0	0	0	0	0	0	0	05:39:00	33	1	0	0	0	0	0	4818	0	3013	1716	158	3013	0
29.03.11 06:29	10	6	21	8	47	5	34	6	47	4	888	8	888	8	888	8	0	0	0	0	0	0	0	0	0	05:42:00	33	1	0	0	0	0	0	4818	0	3013	1716	158	3013	0
29.03.11 06:32	10	5	21	7	47	2	34	6	49	0	888	8	888	8	888	8	0	0	0	0	0	0	0	0	0	05:45:00	33	1	0	0	0	0	0	4818	0	3013	1716	158	3013	0
29.03.11 06:35	10	6	21	7	47	3	34	8	47	5	888	8	888	8	888	8	0	0	0	0	0	0	0	0	0	05:48:00	33	1	0	0	0	0	0	4818	0	3013	1716	158	3013	0
29.03.11 06:38	10	5	21	7	47	1	34	8	48	1	888	8	888	8	888	8	0	0	0	0	0	0	0	0	0	05:51:00	33	1	0	0	0	0	0	4818	0	3013	1716	158	3013	0
29.03.11 06:41	10	5	21	7	47	1	34	9	48	1	888	8	888	8	888	8	0	0	0	0	0	0	0	0	0	05:54:00	33	1	0	0	0	0	0	4818	0	3013	1716	158	3013	0
29.03.11 06:44	10	4	21	7	47	0	34	9	44	2	888	8	888	8	888	8	0	0	0	0	0	0	0	0	0	05:57:00	33	1	0	0	0	0	0	4818	0	3013	1716	158	3013	0
29.03.11 06:47	10	5	21	7	46	9	34	9	44	9	888	8	888	8	888	8	0	0	0	0	0	0	0	0	0	06:00:00	33	1	0	0	0	0	0	4818	0	3013	1716	158	3013	0
29.03.11 06:50	10	4	21	7	46	8	35	0	45	8	888	8	888	8	888	8	0	0	0	0	0	0	0	0	0	06:03:00	33	1	0	0	0	0	0	4818	0	3013	1716	158	3013	0
29.03.11 06:53	10	4	21	7	46	8	35	0	46	5	888	8	888	8	888	8	0	0	0	0	0	0	0	0	0	06:06:00	33	1	0	0	0	0	0	4818	0	3013	1716	158	3013	0
29.03.11 06:56	10	4	21	7	46	7	35	2	44	6	888	8	888	8	888	8	0	0	0	0	0	0	0	0	0	06:09:00	33	1	0	0	0	0	0	4818	0	3013	1716	158	3013	0
29.03.11 06:59	10	3	21	7	46	6	35	2	45	2	888	8	888	8	888	8	0	0	0	0	0	0	0	0	0	06:12:00	33	1	0	0	0	0	0	4818	0	3013	1716	158	3013	0
29.03.11 07:02	10	3	21	6	46	5	35	3	46	9	888	8	888	8	888	8	0	0	0	0	0	0	0	0	0	06:15:00	33	1	0	0	0	0	0	4818	0	3013	1716	158	3013	0
29.03.11 07:05	10	2	21	6	46	5	35	3	48	1	888	8	888	8	888	8	0	0	0	0	0	0	0	0	0	06:18:00	33	1	0	0	0	0	0	4818	0	3013	1716	158	3013	0
29.03.11 07:08	10	2	21	6	46	6	35	4	46	5	888	8	888	8	888	8	0	0	0	0	0	0	0	0	0	06:21:00	33	1	0	0	0	0	0	4818	0	3013	1716	158	3013	0
29.03.11 07:11	10	1	21	6	46	4	35	5	47	6	888	8	888	8	888	8	0	0	0	0	0	0	0	0	0	06:24:00	33	1	0	0	0	0	0	4818	0	3013	1716	158	3013	0
29.03.11 07:14	10	2	21	6	46	3	35	5	49	3	888	8	888	8	888	8	0	0	0	0	0	0	0	0	0	06:27:00	33	1	0	0	0	0	0	4818	0	3013	1716	158	3013	0
29.03.11 07:17	10	3	21	6	46	4	35	5	50	7	888	8	888	8	888	8	0	0	0	0	0	0	0	0	0	06:30:00	33	1	0	0	0	0	0	4818	0	3013	1716	158	3013	0
29.03.11 07:20	10	3	21	5	46	5	35	3	48	5	888	8	888	8	888	8	0	0	0	0	0	0	0	0	0	06:33:00	33	1	0	0	0	0	0	4818	0	3013	1716	158	3013	0
29.03.11 07:23	10	4	21	5	46	4	35	3	49	7	888	8	888	8	888	8	0	0	0	0	0	0	0	0	0	06:36:00	33	1	0	0	0	0	0	4818	0	3013	1716	158	3013	0
29.03.11 07:26	10	4	21	5	46	2	35	3	50	1	888	8	888	8	888	8	0	0	0	0	0	0	0	0	0	06:39:00	33	1	0	0	0	0	0	4818	0	3013	1716	158	3013	0
29.03.11 07:29	10	5	21	5	46	2	35	3	51	1	888	8	888	8	888	8	0	0	0	0	0	0	0	0	0	06:42:00	33	1	0	0	0	0	0	4818	0	3013	1716	158	3013	0
29.03.11 07:32	10	6	21	4	46	0	35	3	51	4	888	8	888	8	888	8	0	0	0	0	0	0	0	0	0	06:45:00	33	1	0	0	0	0	0	4818	0	3013	1716	158	3013	0
29.03.11 07:35	10	8	21	4	46	2	35	4	49	4	888	8	888	8	888	8	0	0	0	0	0	0	0	0	0	06:48:00	33	1	0	0	0	0	0	4818	0	3013	1716	158	3013	0
29.03.11 07:38	11	0	21	4	46	2	35	4	51	0	888	8	888	8	888	8	0	0	0	0	0	0	0	0	0	06:51:00	33	1	0	0	0	0	0	4818	0	3013	1716	158	3013	0
29.03.11 07:41	11	1	21	4	46	0	35	5	50	4	888	8	888	8	888	8	0	0	0	0	0	0	0	0	0	06:54:00	33	1	0	0	0	0	0	4818	0	3013	1716	158	3013	0
29.03.11 07:44	11	3	21	4	46	0	35	5	50	4	888	8	888	8	888	8	0	0	0	0	0	0	0	0	0	06:57:00	33	1	0	0	0	0	0	4818	0	3013	1716	158	3013	0
29.03.11 07:47	11	4	21	4	45	8	35	5	49	6	888	8	888	8	888	8	0	0	0	0	0	0	0	0	0	07:01:00	33	1	0	0	0	0	0	4818	0	3013	1716	158	3013	0
29.03.11 07:50	11	6	21	4	46	0	35	5	48	3	888	8	888	8	888	8	0	0	0	0	0	0	0	0	0	07:04:00	33	1	0	0	0	0	0	4818	0	3013	1716	158	3013	0
29.03.11 07:53	11	9	21	4	45	9	35	6	48	4	888	8	888	8	888	8	0	0	0	0	0	0	0	0	0	07:07:00	33	1	0	0	0	0	0	4818	0	3013	1716	158	3013	0
29.03.11 07:56	12	2	21	4	45	7	35	6	47	7	888	8	888	8	888	8	0	0	0	0	0	0	0	0	0	07:10:00	33	1	0	0	0	0	0	4818	0	3013	1716	158	3013	0
29.03.11 07:59	12	6	21	4	45	6	35	7	48	2	888	8	888	8	888	8	0	0	0	0	0	0	0	0	0	07:13:00	33	1	0	0	0	0	0	4818	0	3013	1716	158	3013	0
29.03.11 08:02	12	8	21	4	45	8	35	7	47	6	888	8	888	8	888	8	0	0	0	0	0	0	0	0	0	07:16:00	33	1	0	0	0	0	0	4818	0	3013	1716	158	3013	0
29.03.11 08:05	13	2	21	3	45	7	35	8	48	5	888	8	888	8	888	8	0	0	0	0	0	0	0	0	0	07:19:00	33	1	0	0	0	0	0	4818	0	3013	1716	158	3013	0
29.03.11 08:08	13	5	21	3	45	5	35	8	48	3	888	8	888	8	888	8	0	0	0	0	0	0	0	0	0	07:22:00	33	1	0	0	0	0	0	4818	0	3013	1716	158	3013	0
29.03.11 08:11	14	0	21	3	45	5	35	8	48	0	888	8	888	8	888	8	0	0	0	0	0	0	0	0	0	07:25:00	33	1	0	0	0	0	0	4818	0	3013	1716	158	3013	0
29.03.11 08:14	14	3	21	2	45	6	35	7	47	4	888	8	888	8	888	8	0	0	0	0	0	0	0	0	0	07:28:00	33	1	0	0	0	0	0	4818	0	3013	1716	158	3013	0
29.03.11 08:18	14	7	21	2	45	4	35	6	46	5	888	8	888	8	888	8	0	0	0	0	0	0	0	0	0	07:31:00	33	1	0	0	0	0	0	4818	0	3013	1716	158	3013	0
29.03.11 08:21	15	4	21	2	45	4	35	5	45	7	888	8	888	8	888	8	0	0	0	0	0	0	0	0	0	07:34:00	33	1	0	0	0	0	0	4818	0	3013	1716	158	3013	0
29.03.11 08:24	15	8	21	1	45	3	35	5	47	2	888	8	888	8	888	8	0	0	0	0	0	0	0	0	0	07:37:00	33	1	0	0	0	0	0	4818	0	3013	1716	158	3013	0
29.03.11 08:27	16	4	21	1	45	3	35	4	47	6	888	8	888	8	888	8	0	0	0	0	0	0	0	0	0	07:40:00	33	1	0	0	0	0	0	4818	0	3013	1716	158	3013	0
29.03.11 08:30	17	0	21	1	45	2	35	3	46	6	888	8	888	8	888	8	0	0	0	0	0	0	0	0	0	07:43:00	33	1	0	0	0	0	0	4818	0	3013	1716	158	3013	0
29.03.11 08:33	17	9	21	0	45	1	35	2	43	9	888	8	888	8	888	8	0	0	0	0	0	0	0	0	0	07:46:00	33	1	0	0	0	0	0	4818	0	3013	1716	158	3013	0
29.03.11 08:36	18	6	21	0	45	0	35	2	44	8	888	8	888	8	888	8	0	0	0	0	0	0	0	0	0	07:49:00	33	1	0	0	0	0	0	4818	0	3013	1716	158	3013	0
29.03.11 08:39	19	4	21	0	45	0	35	2	47	1	888	8	888	8	888	8	0	0	0	0	0	0	0	0	0	07:52:00	33	1	0	0	0	0	0	4818	0	3013	1716	158	3013	0
29.03.11 08:42	20	4	20	9	45	0	35	2	48	5	888	8	888	8	888	8	0	0	0	0	0	0	0	0	0	07:55:00	33	1	0	0	0	0	0	4818	0	3013	1716	158	3013	0
29.03.11 08:45	22	0	20	9	45	0	35	3	46	4	888	8	888	8	888	8	0	0	0	0	0	0	0	0	0	07:58:00	33	1	0	0	0	0	0	4818	0	3013	1716	158	3013	0
29.03.11 08:48	23	9	20	9	45	0	35	3	44	0	888	8	888	8	888	8	0	0	0	0	0	0	0	0	0	08:01:00	33	1	0	0	0	0	0	4818	0	3013	1716	158	3013	0
29.03.11 08:51	26	2	20	9	45	0	35	3	46	6	888	8	888	8	888	8	0	0	0	0	0	0	0	0	0	08:04:00	33	1	0	0	0	0	0	4818	0	3013	1716	158	3013	0
29.03.11 08:54	25	8	20	9	45	0	35	3	48	2	888	8	888	8	888	8	0	0	0	30	0	0	0	0	0	08:07:00	33	1	0	0	0	0	0	4818	0	3013	1716	158	3013	0
29.03.11 08:57	23	1	21	0	45	0	35	5	46	6	888	8	888	8	888	8	0	0	0	0	0	0	0	0	0	08:10:00	33	1	0	0	0	0	0	4818	0	3013	1716	158	3013	0
29.03.11 09:00	25	1	21	0	45	0	35	5	43	5	888	8	888	8	888	8	0	0	0	0	0	0	0	0	0	08:13:00	33	1	0	0	0	0	0	4818	0	3013	1716	158	3013	0
29.03.11 09:03	27	6	21	1	45	0	35	5	41	8	888	8	888	8	888	8	0	0	0	30	0	0	0	0	0	08:16:00	33	1	0	0	0	0	0	4818	0	3013	1716	158	3013	0
29.03.11 09:06	26	2	21	1	45	0	35	5	43	7	888	8	888	8	888	8	0	0	0	30	0	0	0	0	0	08:19:00	33	1	0	0	0	0	0	4818	0	3013	1716	158	3013	0
29.03.11 09:09	25	9	21	1	45	0	35	5	45	8	888	8	888	8	888	8	0	0	0	30	0	0	0	0	0	08:22:00	33	1	0	0	0	0	0	4818	0	3013	1716	158	3013	0
29.03.11 09:12	25	8	21	2	45	0	35	6	47	1	888	8	888	8	888	8	0	0	0	30	0	0	0	0	0	08:25:00	33	1	0	0	0	0	0	4818	0	3013	1716	158	3013	0
29.03.11 09:15	26	2	21	3	45	0	35	6	45	8	888	8	888	8	888	8	0	0	0	30	0	0	0	0	0	08:28:00	33	1	0	0	0	0	0	4818	0	3013	1716	158	3013	0
29.03.11 09:18	27	9	21	4	45	1	35	6	43	9	888	8	888	8	888	8	0	0	0	30	0	0	0	0	0	08:31:00	33	1	0	0	0	0	0	4818	0	3013	1716	158	3013	0
29.03.11 09:21	28	7	21	5	45	1	35	6	44	4	888	8	888	8	888	8	0	0	0	30	0	0	0	0	0	08:34:00	33	1	0	0	0	0	0	4818	0	3013	1716	158	3013	0
29.03.11 09:24	28	6	21	7	45	1	35	6	45	9	888	8	888	8	888	8	0	0	0	30	0	0	0	0	0	08:37:00	33	1	0	0	0	0	0	4818	0	3013	1716	158	3013	0
29.03.11 09:27	28	9	21	9	45	2	35	7	44	8	888	8	888	8	888	8	0	0	0	30	0	0	0	0	0	08:40:00	33	1	0	0	0	0	0	4818	0	3013	1716	158	3013	0
29.03.11 09:30	29	7	22	1	45	3	35	7	43	3	888	8	888	8	888	8	0	0	0	30	0	0	0	0	0	08:43:00	33	1	0	0	0	0	0	4818	0	3013	1716	158	3013	0
29.03.11 09:33	30	3	22	3	45	5	35	7	42	4	888	8	888	8	888	8	0	0	0	0	0	0	0	0	0	08:46:00	33	1	0	0	0	0	0	4818	0	3013	1716	158	3013	0
29.03.11 09:36	32	6	22	5	45	7	35	7	43	6	888	8	888	8	888	8	0	0	0	40	0	0	0	0	0	08:49:00	33	1	0	0	0	0	0	4818	0	3013	1716	158	3013	0
29.03.11 09:39	32	2	22	7	45	7	35	7	43	7	888	8	888	8	888	8	0	0	0	40	0	0	0	0	0	08:52:00	33	1	0	0	0	0	0	4818	0	3013	1716	158	3013	0
29.03.11 09:42	32	0	23	0	45	8	35	7	42	2	888	8	888	8	888	8	0	0	0	30	0	0	0	0	0	08:55:00	33	1	0	0	0	0	0	4818	0	3013	1716	158	3013	0
29.03.11 09:45	33	1	23	2	46	2	35	8	42	3	888	8	888	8	888	8	0	0	0	30	0	0	0	0	0	08:58:00	33	1	0	0	0	0	0	4818	0	3013	1716	158	3013	0
29.03.11 09:48	33	6	23	6	46	4	35	8	43	7	888	8	888	8	888	8	0	0	0	40	0	0	0	0	0	09:01:00	33	1	0	0	0	0	0	4818	0	3013	1716	158	3013	0
29.03.11 09:51	34	3	23	9	46	5	35	9	42	7	888	8	888	8	888	8	0	0	0	0	0	0	0	0	0	09:04:00	33	1	0	0	0	0	0	4818	0	3013	1716	158	3013	0
29.03.11 09:54	36	2	24	1	46	5	35	8	41	2	888	8	888	8	888	8	0	0	0	50	0	0	0	0	0	09:07:00	33	1	0	0	0	0	0	4818	0	3013	1716	158	3013	0
29.03.11 09:57	35	3	24	3	46	8	35	8	41	7	888	8	888	8	888	8	0	0	0	50	0	0	0	0	0	09:10:00	33	1	0	0	0	0	0	4818	0	3013	1716	158	3013	0
29.03.11 10:00	35	9	24	7	47	2	35	7	44	1	888	8	888	8	888	8	0	0	0	40	0	0	0	0	0	09:13:00	33	1	0	0	0	0	0	4819	0	3013	1716	158	3013	0
29.03.11 10:03	36	3	25	1	47	5	35	7	44	8	888	8	888	8	888	8	0	0	0	40	0	0	0	0	0	09:16:00	33	1	0	0	0	0	0	4819	0	3013	1716	158	3013	0
29.03.11 10:06	36	9	25	6	47	6	35	7	44	4	888	8	888	8	888	8	0	0	0	40	0	0	0	0	0	09:19:00	33	1	0	0	0	0	0	4819	0	3013	1716	158	3013	0
29.03.11 10:09	40	0	26	0	47	7	35	7	43	6	888	8	888	8	888	8	0	0	0	60	0	0	0	0	0	09:23:00	33	1	0	0	0	0	0	4819	0	3013	1716	158	3013	0
29.03.11 10:12	39	4	26	3	48	4	35	7	43	2	888	8	888	8	888	8	0	0	0	60	0	0	0	0	0	09:26:00	33	1	0	0	0	0	0	4819	0	3013	1716	158	3013	0
29.03.11 10:15	39	1	26	6	48	9	35	7	43	3	888	8	888	8	888	8	0	0	0	50	0	0	0	0	0	09:29:00	33	1	0	0	0	0	0	4819	0	3013	1716	158	3013	0
29.03.11 10:18	39	5	27	0	49	2	35	5	44	7	888	8	888	8	888	8	0	0	0	50	0	0	0	0	0	09:32:00	33	1	0	0	0	0	0	4819	0	3013	1716	158	3013	0
29.03.11 10:21	39	8	27	4	49	2	35	5	46	1	888	8	888	8	888	8	0	0	0	50	0	0	0	0	0	09:35:00	33	1	0	0	0	0	0	4819	0	3013	1716	158	3013	0
29.03.11 10:24	40	4	28	0	49	3	35	5	45	3	888	8	888	8	888	8	0	0	0	0	0	0	0	0	0	09:38:00	33	1	0	0	0	0	0	4819	0	3013	1716	158	3013	0
29.03.11 10:27	44	1	28	3	49	9	35	5	43	4	888	8	888	8	888	8	0	0	0	70	0	0	0	0	0	09:41:00	33	1	0	0	0	0	0	4819	0	3013	1716	158	3013	0
29.03.11 10:30	42	5	28	7	50	6	35	5	42	3	888	8	888	8	888	8	0	0	0	60	0	0	0	0	0	09:44:00	33	1	0	0	0	0	0	4819	0	3013	1716	158	3013	0
29.03.11 10:33	42	7	29	2	51	1	35	5	42	2	888	8	888	8	888	8	0	0	0	60	0	0	0	0	0	09:47:00	33	1	0	0	0	0	0	4819	0	3013	1716	158	3013	0
29.03.11 10:36	43	0	29	7	51	2	35	5	43	1	888	8	888	8	888	8	0	0	0	60	0	0	0	0	0	09:50:00	33	1	0	0	0	0	0	4819	0	3013	1716	158	3013	0
29.03.11 10:40	43	5	30	2	51	3	35	5	43	6	888	8	888	8	888	8	0	0	0	60	0	0	0	0	0	09:53:00	33	1	0	0	0	0	0	4819	0	3013	1716	158	3013	0
29.03.11 10:43	46	0	30	7	51	8	35	5	42	3	888	8	888	8	888	8	0	0	0	0	0	0	0	0	0	09:56:00	33	1	0	0	0	0	0	4819	0	3013	1716	158	3013	0
29.03.11 10:46	57	8	31	0	52	4	35	5	40	9	888	8	888	8	888	8	0	0	0	0	0	0	0	0	0	09:59:00	33	1	0	0	0	0	0	4819	0	3013	1716	158	3013	0
29.03.11 10:49	57	9	31	1	52	8	35	5	40	6	888	8	888	8	888	8	0	0	0	30	0	0	1	0	0	10:02:00	33	1	0	0	0	0	0	4819	0	3013	1716	158	3013	0
29.03.11 10:52	51	5	31	5	53	0	35	2	42	4	888	8	888	8	888	8	0	0	0	90	0	0	0	0	0	10:05:00	33	1	0	0	0	0	0	4819	0	3013	1716	158	3013	0
29.03.11 10:55	49	5	32	1	53	0	35	0	42	1	888	8	888	8	888	8	0	0	0	80	0	0	0	0	0	10:08:00	33	1	0	0	0	0	0	4819	0	3013	1716	158	3013	0
29.03.11 10:58	48	5	32	6	53	2	35	0	40	3	888	8	888	8	888	8	0	0	0	70	0	0	0	0	0	10:11:00	33	1	0	0	0	0	0	4819	0	3013	1716	158	3013	0
29.03.11 11:01	48	3	33	0	53	7	35	0	39	6	888	8	888	8	888	8	0	0	0	70	0	0	0	0	0	10:14:00	33	1	0	0	0	0	0	4819	0	3013	1716	158	3013	0
29.03.11 11:04	48	6	33	5	54	1	35	2	41	1	888	8	888	8	888	8	0	0	0	70	0	0	0	0	0	10:17:00	33	1	0	0	0	0	0	4819	0	3013	1716	158	3013	0
29.03.11 11:07	53	2	34	1	54	2	35	5	42	4	888	8	888	8	888	8	0	0	0	0	0	0	0	0	0	10:20:00	33	1	0	0	0	0	0	4819	0	3013	1716	158	3013	0
29.03.11 11:10	62	6	34	3	54	1	35	6	40	8	888	8	888	8	888	8	0	0	0	30	0	0	1	0	0	10:23:00	33	1	0	0	0	0	0	4819	0	3013	1716	158	3013	0
29.03.11 11:13	57	8	34	5	54	2	35	8	39	5	888	8	888	8	888	8	0	0	0	100	0	0	0	0	0	10:26:00	33	1	0	0	0	0	0	4819	0	3013	1716	158	3013	0
29.03.11 11:16	53	3	35	0	54	8	36	3	39	5	888	8	888	8	888	8	0	0	0	80	0	0	0	0	0	10:29:00	33	1	0	0	0	0	0	4820	0	3013	1716	158	3013	0
29.03.11 11:19	52	2	35	6	55	1	36	7	42	0	888	8	888	8	888	8	0	0	0	70	0	0	0	0	0	10:32:00	33	1	0	0	0	0	0	4820	0	3013	1716	158	3013	0
29.03.11 11:22	52	2	36	2	55	2	37	1	42	7	888	8	888	8	888	8	0	0	0	70	0	0	0	0	0	10:35:00	33	1	0	0	0	0	0	4820	0	3013	1716	158	3013	0
29.03.11 11:25	52	3	36	8	55	2	37	6	41	1	888	8	888	8	888	8	0	0	0	70	0	0	0	0	0	10:38:00	33	1	0	0	0	0	0	4820	0	3013	1716	158	3013	0
29.03.11 11:28	52	8	37	3	55	3	38	0	40	0	888	8	888	8	888	8	0	0	0	0	0	0	0	0	0	10:41:00	33	1	0	0	0	0	0	4820	0	3013	1716	158	3013	0
29.03.11 11:31	61	2	37	9	55	7	38	4	40	3	888	8	888	8	888	8	0	0	0	0	0	0	0	0	0	10:44:00	33	1	0	0	0	0	0	4820	0	3013	1716	158	3013	0
29.03.11 11:34	63	1	38	0	56	1	38	6	42	7	888	8	888	8	888	8	0	0	0	30	0	0	1	0	0	10:47:00	33	1	0	0	0	0	0	4820	0	3013	1716	158	3013	0
29.03.11 11:37	59	2	38	3	56	2	39	1	44	0	888	8	888	8	888	8	0	0	0	90	0	0	0	0	0	10:50:00	33	1	0	0	0	0	0	4820	0	3013	1716	158	3013	0
29.03.11 11:40	56	0	39	0	56	1	39	5	43	2	888	8	888	8	888	8	0	0	0	80	0	0	0	0	0	10:53:00	33	1	0	0	0	0	0	4820	0	3013	1716	158	3013	0
29.03.11 11:43	55	4	39	5	56	1	40	1	41	7	888	8	888	8	888	8	0	0	0	70	0	0	0	0	0	10:56:00	33	1	0	0	0	0	0	4820	0	3013	1716	158	3013	0
29.03.11 11:46	55	3	40	1	56	3	40	6	40	9	888	8	888	8	888	8	0	0	0	70	0	0	0	0	0	10:59:00	33	1	0	0	0	0	0	4820	0	3013	1716	158	3013	0
29.03.11 11:49	55	6	40	7	56	7	41	0	40	9	888	8	888	8	888	8	0	0	0	60	0	0	0	0	0	11:02:00	33	1	0	0	0	0	0	4820	0	3013	1716	158	3013	0
29.03.11 11:52	56	4	41	2	56	8	41	5	43	1	888	8	888	8	888	8	0	0	0	0	0	0	0	0	0	11:05:00	33	1	0	0	0	0	0	4820	0	3013	1716	158	3013	0
29.03.11 11:55	65	7	41	6	56	9	41	9	44	9	888	8	888	8	888	8	0	0	0	30	0	0	1	0	0	11:08:00	33	1	0	0	0	0	0	4820	0	3013	1716	158	3013	0
29.03.11 11:58	64	5	41	9	56	9	42	1	44	2	888	8	888	8	888	8	0	0	0	30	0	0	1	0	0	11:11:00	33	1	0	0	0	0	0	4820	0	3013	1716	158	3013	0
29.03.11 12:01	61	9	42	2	56	8	42	6	42	4	888	8	888	8	888	8	0	0	0	30	0	0	1	0	0	11:14:00	33	1	0	0	0	0	0	4820	0	3013	1716	158	3013	0
29.03.11 12:04	61	8	42	8	56	9	43	2	40	9	888	8	888	8	888	8	0	0	0	30	0	0	1	0	0	11:17:00	33	1	0	0	0	0	0	4820	0	3013	1716	158	3013	0
29.03.11 12:07	62	1	43	3	57	1	43	6	40	4	888	8	888	8	888	8	0	0	0	30	0	0	1	0	0	11:20:00	33	1	0	0	0	0	0	4820	0	3013	1716	158	3013	0
29.03.11 12:10	62	2	43	8	57	2	44	0	41	3	888	8	888	8	888	8	0	0	0	30	0	0	1	0	0	11:23:00	33	1	0	0	0	0	0	4820	0	3013	1716	158	3013	0
29.03.11 12:13	62	6	44	3	57	3	44	4	42	5	888	8	888	8	888	8	0	0	0	30	0	0	1	0	0	11:26:00	33	1	0	0	0	0	0	4820	0	3013	1716	158	3013	0
29.03.11 12:16	62	9	44	9	57	3	45	0	42	0	888	8	888	8	888	8	0	0	0	30	0	0	1	0	0	11:29:00	33	1	0	0	0	0	0	4820	0	3013	1716	158	3013	0
29.03.11 12:19	63	1	45	3	57	2	45	3	40	4	888	8	888	8	888	8	0	0	0	30	0	0	1	0	0	11:32:00	33	1	0	0	0	0	0	4820	0	3013	1716	158	3013	0
29.03.11 12:22	63	7	45	7	57	2	45	7	38	8	888	8	888	8	888	8	0	0	0	30	0	0	1	1	0	11:35:00	33	1	0	0	0	0	0	4821	0	3013	1716	158	3013	0
29.03.11 12:25	64	1	45	8	57	3	46	1	38	4	888	8	888	8	888	8	0	0	0	30	0	0	1	1	0	11:38:00	33	1	0	0	0	0	0	4821	0	3013	1716	158	3013	0
29.03.11 12:28	64	5	46	1	57	3	46	5	40	0	888	8	888	8	888	8	0	0	0	30	0	0	1	1	0	11:41:00	33	1	0	0	0	0	0	4821	0	3013	1716	158	3013	0
29.03.11 12:31	64	9	46	4	57	4	47	0	41	3	888	8	888	8	888	8	0	0	0	30	0	0	1	1	0	11:45:00	33	1	0	0	0	0	0	4821	0	3013	1716	158	3013	0
29.03.11 12:34	65	1	46	9	57	4	47	3	40	4	888	8	888	8	888	8	0	0	0	30	0	0	1	1	0	11:48:00	33	1	0	0	0	0	0	4821	0	3013	1716	158	3013	0
29.03.11 12:37	65	4	47	3	57	4	47	6	39	1	888	8	888	8	888	8	0	0	0	30	0	0	1	1	0	11:51:00	33	1	0	0	0	0	0	4821	0	3013	1716	158	3013	0
29.03.11 12:40	65	7	47	7	57	3	48	0	38	0	888	8	888	8	888	8	0	0	0	30	0	0	1	1	0	11:54:00	33	1	0	0	0	0	0	4821	0	3013	1716	158	3013	0
29.03.11 12:43	66	1	48	0	57	2	48	4	36	4	888	8	888	8	888	8	0	0	0	30	0	0	1	1	0	11:57:00	33	1	0	0	0	0	0	4821	0	3013	1717	158	3013	0
29.03.11 12:46	66	3	48	3	57	2	48	5	36	0	888	8	888	8	888	8	0	0	0	30	0	0	1	1	0	12:00:00	33	1	0	0	0	0	0	4821	0	3013	1717	158	3013	0
29.03.11 12:49	66	5	48	6	57	1	48	9	36	0	888	8	888	8	888	8	0	0	0	30	0	0	1	1	0	12:03:00	33	1	0	0	0	0	0	4821	0	3013	1717	158	3013	0
29.03.11 12:52	66	8	49	0	57	1	49	2	36	1	888	8	888	8	888	8	0	0	0	30	0	0	1	1	0	12:06:00	33	1	0	0	0	0	0	4821	0	3013	1717	158	3013	0
29.03.11 12:55	67	0	49	3	57	1	49	4	36	4	888	8	888	8	888	8	0	0	0	40	0	0	1	1	0	12:09:00	33	1	0	0	0	0	0	4821	0	3013	1717	158	3013	0
29.03.11 12:58	67	0	49	8	57	1	49	9	36	5	888	8	888	8	888	8	0	0	0	40	0	0	1	1	0	12:12:00	33	1	0	0	0	0	0	4821	0	3013	1717	158	3013	0
29.03.11 13:02	66	8	50	1	57	1	50	1	36	9	888	8	888	8	888	8	0	0	0	40	0	0	1	1	0	12:15:00	33	1	0	0	0	0	0	4821	0	3013	1717	158	3013	0
29.03.11 13:05	67	2	50	6	57	0	50	5	36	9	888	8	888	8	888	8	0	0	0	40	0	0	1	1	0	12:18:00	33	1	0	0	0	0	0	4821	0	3013	1717	158	3013	0
29.03.11 13:08	67	4	51	0	57	0	50	9	36	4	888	8	888	8	888	8	0	0	0	40	0	0	1	1	0	12:21:00	33	1	0	0	0	0	0	4821	0	3013	1717	159	3013	0
29.03.11 13:11	67	7	51	4	57	0	51	3	35	8	888	8	888	8	888	8	0	0	0	40	0	0	1	1	0	12:24:00	33	1	0	0	0	0	0	4821	0	3013	1717	159	3013	0
29.03.11 13:14	67	8	51	7	57	0	51	6	34	5	888	8	888	8	888	8	0	0	0	40	0	0	1	1	0	12:27:00	33	1	0	0	0	0	0	4821	0	3013	1717	159	3013	0
29.03.11 13:17	68	1	52	0	56	9	52	0	33	4	888	8	888	8	888	8	0	0	0	40	0	0	1	1	0	12:30:00	33	1	0	0	0	0	0	4821	0	3013	1717	159	3013	0
29.03.11 13:20	68	4	52	3	56	8	52	4	32	5	888	8	888	8	888	8	0	0	0	40	0	0	1	1	0	12:33:00	33	1	0	0	0	0	0	4821	0	3013	1717	159	3013	0
29.03.11 13:23	68	4	52	4	56	7	52	6	31	7	888	8	888	8	888	8	0	0	0	40	0	0	1	1	0	12:36:00	33	1	0	0	0	0	0	4822	0	3013	1717	159	3013	0
29.03.11 13:26	68	1	52	6	56	7	52	9	31	1	888	8	888	8	888	8	0	0	0	50	0	0	1	1	0	12:39:00	33	1	0	0	0	0	0	4822	0	3013	1717	159	3013	0
29.03.11 13:29	67	4	52	7	56	3	53	1	30	7	888	8	888	8	888	8	0	0	0	40	0	0	1	1	0	12:42:00	33	1	0	0	0	0	0	4822	0	3013	1717	159	3013	0
29.03.11 13:32	68	1	53	1	56	0	53	5	30	4	888	8	888	8	888	8	0	0	0	50	0	0	1	1	0	12:45:00	33	1	0	0	0	0	0	4822	0	3013	1717	159	3013	0
29.03.11 13:35	67	3	53	3	55	7	53	7	30	5	888	8	888	8	888	8	0	0	0	50	0	0	1	1	0	12:48:00	33	1	0	0	0	0	0	4822	0	3013	1717	159	3013	0
29.03.11 13:38	67	2	53	5	55	7	54	1	31	0	888	8	888	8	888	8	0	0	0	50	0	0	1	1	0	12:51:00	33	1	0	0	0	0	0	4822	0	3013	1717	159	3013	0
29.03.11 13:41	67	1	53	7	55	9	54	2	32	2	888	8	888	8	888	8	0	0	0	50	0	0	1	1	0	12:54:00	33	1	0	0	0	0	0	4822	0	3013	1717	159	3013	0
29.03.11 13:44	67	1	53	8	56	0	54	4	33	4	888	8	888	8	888	8	0	0	0	50	0	0	1	1	0	12:57:00	33	1	0	0	0	0	0	4822	0	3013	1718	159	3013	0
29.03.11 13:47	67	3	54	5	56	1	54	5	34	0	888	8	888	8	888	8	0	0	0	50	0	0	1	1	0	13:00:00	33	1	0	0	0	0	0	4822	0	3013	1718	159	3013	0
29.03.11 13:50	67	5	54	6	56	3	54	8	33	9	888	8	888	8	888	8	0	0	0	50	0	0	1	1	0	13:03:00	33	1	0	0	0	0	0	4822	0	3013	1718	159	3013	0
29.03.11 13:53	67	5	54	7	56	4	55	0	33	4	888	8	888	8	888	8	0	0	0	50	0	0	1	1	0	13:06:00	33	1	0	0	0	0	0	4822	0	3013	1718	159	3013	0
29.03.11 13:56	67	9	54	8	56	7	55	1	33	0	888	8	888	8	888	8	0	0	0	50	0	0	1	1	0	13:09:00	33	1	0	0	0	0	0	4822	0	3013	1718	159	3013	0
29.03.11 13:59	68	4	55	0	56	8	55	4	32	5	888	8	888	8	888	8	0	0	0	40	0	0	1	1	0	13:12:00	33	1	0	0	0	0	0	4822	0	3013	1718	159	3013	0
29.03.11 14:02	68	5	55	1	57	0	55	4	32	3	888	8	888	8	888	8	0	0	0	50	0	0	1	1	0	13:15:00	33	1	0	0	0	0	0	4822	0	3013	1718	159	3013	0
29.03.11 14:05	68	3	55	3	57	1	55	6	31	9	888	8	888	8	888	8	0	0	0	50	0	0	1	1	0	13:18:00	33	1	0	0	0	0	0	4822	0	3013	1718	159	3013	0
29.03.11 14:08	68	4	55	2	57	3	55	9	31	9	888	8	888	8	888	8	0	0	0	50	0	0	1	1	0	13:21:00	33	1	0	0	0	0	0	4822	0	3013	1718	160	3013	0
29.03.11 14:11	68	7	55	3	57	4	56	0	31	8	888	8	888	8	888	8	0	0	0	40	0	0	1	1	0	13:24:00	33	1	0	0	0	0	0	4822	0	3013	1718	160	3013	0
29.03.11 14:14	69	2	55	3	57	5	56	1	31	9	888	8	888	8	888	8	0	0	0	40	0	0	1	1	0	13:27:00	33	1	0	0	0	0	0	4822	0	3013	1718	160	3013	0
29.03.11 14:17	69	5	55	4	57	7	56	2	31	9	888	8	888	8	888	8	0	0	0	50	0	0	1	1	0	13:30:00	33	1	0	0	0	0	0	4822	0	3013	1718	160	3013	0
29.03.11 14:20	68	7	55	6	57	8	56	3	31	9	888	8	888	8	888	8	0	0	0	40	0	0	1	1	0	13:33:00	33	1	0	0	0	0	0	4823	0	3013	1718	160	3013	0
29.03.11 14:23	69	1	55	6	57	8	56	4	32	0	888	8	888	8	888	8	0	0	0	40	0	0	1	1	0	13:36:00	33	1	0	0	0	0	0	4823	0	3013	1718	160	3013	0
29.03.11 14:26	69	3	55	7	58	0	56	5	32	0	888	8	888	8	888	8	0	0	0	40	0	0	1	1	0	13:39:00	33	1	0	0	0	0	0	4823	0	3013	1718	160	3013	0
29.03.11 14:29	69	5	55	7	58	1	56	7	32	2	888	8	888	8	888	8	0	0	0	40	0	0	1	1	0	13:42:00	33	1	0	0	0	0	0	4823	0	3013	1718	160	3013	0
29.03.11 14:32	69	5	55	8	58	2	56	8	32	5	888	8	888	8	888	8	0	0	0	40	0	0	1	1	0	13:45:00	33	1	0	0	0	0	0	4823	0	3013	1718	160	3013	0
29.03.11 14:35	69	5	56	1	58	3	56	9	32	8	888	8	888	8	888	8	0	0	0	40	0	0	1	1	0	13:48:00	33	1	0	0	0	0	0	4823	0	3013	1718	160	3013	0
29.03.11 14:38	69	1	56	2	58	4	57	0	33	2	888	8	888	8	888	8	0	0	0	40	0	0	1	1	0	13:51:00	33	1	0	0	0	0	0	4823	0	3013	1718	160	3013	0
29.03.11 14:41	69	0	56	4	58	6	57	1	33	5	888	8	888	8	888	8	0	0	0	40	0	0	1	1	0	13:54:00	33	1	0	0	0	0	0	4823	0	3013	1719	160	3013	0
29.03.11 14:44	69	0	56	4	58	6	57	2	33	6	888	8	888	8	888	8	0	0	0	40	0	0	1	1	0	13:57:00	33	1	0	0	0	0	0	4823	0	3013	1719	160	3013	0
29.03.11 14:47	68	9	56	6	58	8	57	2	33	7	888	8	888	8	888	8	0	0	0	40	0	0	1	1	0	14:01:00	33	1	0	0	0	0	0	4823	0	3013	1719	160	3013	0
29.03.11 14:50	68	8	57	1	58	8	57	3	33	7	888	8	888	8	888	8	0	0	0	40	0	0	1	1	0	14:04:00	33	1	0	0	0	0	0	4823	0	3013	1719	160	3013	0
29.03.11 14:53	68	9	57	1	58	9	57	5	33	7	888	8	888	8	888	8	0	0	0	40	0	0	1	1	0	14:07:00	33	1	0	0	0	0	0	4823	0	3013	1719	160	3013	0
29.03.11 14:56	68	9	57	4	59	0	57	5	33	5	888	8	888	8	888	8	0	0	0	40	0	0	1	1	0	14:10:00	33	1	0	0	0	0	0	4823	0	3013	1719	160	3013	0
29.03.11 14:59	68	6	57	7	59	2	57	9	33	1	888	8	888	8	888	8	0	0	0	40	0	0	1	1	0	14:13:00	33	1	0	0	0	0	0	4823	0	3013	1719	160	3013	0
29.03.11 15:02	68	7	58	1	59	3	57	9	32	6	888	8	888	8	888	8	0	0	0	40	0	0	1	1	0	14:16:00	33	1	0	0	0	0	0	4823	0	3013	1719	160	3013	0
29.03.11 15:05	68	5	58	5	59	4	57	9	32	2	888	8	888	8	888	8	0	0	0	40	0	0	1	1	0	14:19:00	33	1	0	0	0	0	0	4823	0	3013	1719	160	3013	0
29.03.11 15:08	68	7	58	5	59	4	58	1	32	0	888	8	888	8	888	8	0	0	0	30	0	0	1	1	0	14:22:00	33	1	0	0	0	0	0	4823	0	3013	1719	161	3013	0
29.03.11 15:11	69	6	58	6	59	5	58	2	31	8	888	8	888	8	888	8	0	0	0	40	0	0	1	1	0	14:25:00	33	1	0	0	0	0	0	4823	0	3013	1719	161	3013	0
29.03.11 15:14	68	9	58	5	59	6	58	3	31	7	888	8	888	8	888	8	0	0	0	40	0	0	1	1	0	14:28:00	33	1	0	0	0	0	0	4823	0	3013	1719	161	3013	0
29.03.11 15:18	68	6	58	2	59	6	58	3	32	0	888	8	888	8	888	8	0	0	0	40	0	0	1	1	0	14:31:00	33	1	0	0	0	0	0	4823	0	3013	1719	161	3013	0
29.03.11 15:21	68	8	58	0	59	7	58	4	32	2	888	8	888	8	888	8	0	0	0	30	0	0	1	1	0	14:34:00	33	1	0	0	0	0	0	4824	0	3013	1719	161	3013	0
29.03.11 15:24	69	8	57	6	59	8	58	6	32	3	888	8	888	8	888	8	0	0	0	40	0	0	1	1	0	14:37:00	33	1	0	0	0	0	0	4824	0	3013	1719	161	3013	0
29.03.11 15:27	69	0	57	2	59	8	58	5	31	3	888	8	888	8	888	8	0	0	0	40	0	0	1	1	0	14:40:00	33	1	0	0	0	0	0	4824	0	3013	1719	161	3013	0
29.03.11 15:30	68	9	56	9	59	8	58	5	31	1	888	8	888	8	888	8	0	0	0	30	0	0	1	1	0	14:43:00	33	1	0	0	0	0	0	4824	0	3013	1719	161	3013	0
29.03.11 15:33	69	4	56	1	59	8	58	4	32	2	888	8	888	8	888	8	0	0	0	30	0	0	1	1	0	14:46:00	33	1	0	0	0	0	0	4824	0	3013	1719	161	3013	0
29.03.11 15:36	69	0	55	6	59	8	58	4	33	4	888	8	888	8	888	8	0	0	0	30	0	0	1	1	0	14:49:00	33	1	0	0	0	0	0	4824	0	3013	1719	161	3013	0
29.03.11 15:39	68	7	55	4	59	8	58	4	34	1	888	8	888	8	888	8	0	0	0	30	0	0	1	1	0	14:52:00	33	1	0	0	0	0	0	4824	0	3013	1719	161	3013	0
29.03.11 15:42	68	2	55	2	59	8	58	4	34	8	888	8	888	8	888	8	0	0	0	30	0	0	1	1	0	14:55:00	33	1	0	0	0	0	0	4824	0	3013	1720	161	3013	0
29.03.11 15:45	67	8	55	0	59	8	58	3	35	6	888	8	888	8	888	8	0	0	0	30	0	0	1	1	0	14:58:00	33	1	0	0	0	0	0	4824	0	3013	1720	161	3013	0
29.03.11 15:48	67	4	54	8	59	8	58	3	36	7	888	8	888	8	888	8	0	0	0	30	0	0	1	1	0	15:01:00	33	1	0	0	0	0	0	4824	0	3013	1720	161	3013	0
29.03.11 15:51	67	0	54	6	59	8	58	4	37	6	888	8	888	8	888	8	0	0	0	30	0	0	1	1	0	15:04:00	33	1	0	0	0	0	0	4824	0	3013	1720	161	3013	0
29.03.11 15:54	66	5	54	6	59	7	58	4	38	3	888	8	888	8	888	8	0	0	0	30	0	0	1	1	0	15:07:00	33	1	0	0	0	0	0	4824	0	3013	1720	161	3013	0
29.03.11 15:57	66	1	54	4	59	6	58	4	29	2	888	8	888	8	888	8	0	0	0	30	0	0	1	1	0	15:10:00	33	1	0	0	0	0	0	4824	0	3013	1720	161	3013	0
29.03.11 16:00	65	9	51	5	59	6	58	4	33	3	888	8	888	8	888	8	0	0	0	30	0	0	1	1	0	15:13:00	33	1	0	0	0	0	0	4824	0	3013	1720	161	3013	0
29.03.11 16:03	65	4	50	3	59	5	58	4	42	4	888	8	888	8	888	8	0	0	0	30	0	0	1	1	0	15:16:00	33	1	0	0	0	0	0	4824	0	3013	1720	161	3013	0
29.03.11 16:06	64	5	50	5	59	4	58	4	45	1	888	8	888	8	888	8	0	0	0	30	0	0	1	1	0	15:19:00	33	1	0	0	0	0	0	4824	0	3013	1720	161	3013	0
29.03.11 16:09	63	6	50	9	59	4	58	3	45	6	888	8	888	8	888	8	0	0	0	30	0	0	1	1	0	15:22:00	33	1	0	0	0	0	0	4824	0	3013	1720	162	3013	0
29.03.11 16:12	62	1	51	0	59	3	58	2	45	9	888	8	888	8	888	8	0	0	0	50	0	0	0	1	0	15:25:00	33	1	0	0	0	0	0	4824	0	3013	1720	162	3013	0
29.03.11 16:15	61	4	51	4	59	2	58	1	43	1	888	8	888	8	888	8	0	0	0	40	0	0	0	1	0	15:28:00	33	1	0	0	0	0	0	4824	0	3013	1720	162	3013	0
29.03.11 16:18	61	2	51	6	59	1	58	0	39	3	888	8	888	8	888	8	0	0	0	40	0	0	0	1	0	15:31:00	33	1	0	0	0	0	0	4824	0	3013	1720	162	3013	0
29.03.11 16:21	60	8	51	7	59	0	57	9	38	8	888	8	888	8	888	8	0	0	0	30	0	0	0	1	0	15:34:00	33	1	0	0	0	0	0	4825	0	3013	1720	162	3013	0
29.03.11 16:24	61	2	51	7	58	9	57	8	38	9	888	8	888	8	888	8	0	0	0	30	0	0	0	1	0	15:37:00	33	1	0	0	0	0	0	4825	0	3013	1720	162	3013	0
29.03.11 16:27	63	1	51	6	58	8	57	7	39	0	888	8	888	8	888	8	0	0	0	40	0	0	0	1	0	15:40:00	33	1	0	0	0	0	0	4825	0	3013	1720	162	3013	0
29.03.11 16:30	62	0	51	6	58	7	57	6	39	0	888	8	888	8	888	8	0	0	0	40	0	0	0	1	0	15:43:00	33	1	0	0	0	0	0	4825	0	3013	1720	162	3013	0
29.03.11 16:33	60	5	51	8	58	6	57	5	38	8	888	8	888	8	888	8	0	0	0	30	0	0	0	1	0	15:46:00	33	1	0	0	0	0	0	4825	0	3013	1720	162	3013	0
29.03.11 16:36	60	5	51	9	58	6	57	4	38	3	888	8	888	8	888	8	0	0	0	30	0	0	0	1	0	15:49:00	33	1	0	0	0	0	0	4825	0	3013	1720	162	3013	0
29.03.11 16:39	59	9	52	0	58	4	57	2	37	8	888	8	888	8	888	8	0	0	0	30	0	0	0	1	0	15:52:00	33	1	0	0	0	0	0	4825	0	3013	1720	162	3013	0
29.03.11 16:42	59	7	52	2	58	3	57	2	37	2	888	8	888	8	888	8	0	0	0	0	0	0	0	1	0	15:55:00	33	1	0	0	0	0	0	4825	0	3013	1720	162	3013	0
29.03.11 16:45	61	3	52	4	58	3	57	1	36	5	888	8	888	8	888	8	0	0	0	30	0	0	0	1	0	15:58:00	33	1	0	0	0	0	0	4825	0	3013	1720	162	3013	0
29.03.11 16:48	59	8	52	5	58	1	57	0	35	7	888	8	888	8	888	8	0	0	0	30	0	0	0	1	0	16:01:00	33	1	0	0	0	0	0	4825	0	3013	1720	162	3013	0
29.03.11 16:51	58	7	52	6	58	1	57	0	34	9	888	8	888	8	888	8	0	0	0	30	0	0	0	1	0	16:04:00	33	1	0	0	0	0	0	4825	0	3013	1720	162	3013	0
29.03.11 16:54	58	4	52	7	58	0	56	8	34	1	888	8	888	8	888	8	0	0	0	30	0	0	0	1	0	16:07:00	33	1	0	0	0	0	0	4825	0	3013	1720	162	3013	0
29.03.11 16:57	58	0	52	9	57	9	56	7	33	3	888	8	888	8	888	8	0	0	0	30	0	0	0	1	0	16:10:00	33	1	0	0	0	0	0	4825	0	3013	1720	162	3013	0
29.03.11 17:00	58	3	53	1	57	8	56	7	32	5	888	8	888	8	888	8	0	0	0	0	0	0	0	1	0	16:13:00	33	1	0	0	0	0	0	4825	0	3013	1720	162	3013	0
29.03.11 17:03	58	6	53	1	57	7	56	6	32	0	888	8	888	8	888	8	0	0	0	30	0	0	0	1	0	16:16:00	33	1	0	0	0	0	0	4825	0	3013	1720	162	3013	0
29.03.11 17:06	57	4	53	1	57	6	56	5	31	7	888	8	888	8	888	8	0	0	0	30	0	0	0	1	0	16:19:00	33	1	0	0	0	0	0	4825	0	3013	1720	163	3013	0
29.03.11 17:09	58	1	53	2	57	6	56	4	31	5	888	8	888	8	888	8	0	0	0	0	0	0	0	1	0	16:23:00	33	1	0	0	0	0	0	4825	0	3013	1720	163	3013	0
29.03.11 17:12	59	2	53	0	57	4	56	3	31	3	888	8	888	8	888	8	0	0	0	30	0	0	0	1	0	16:26:00	33	1	0	0	0	0	0	4825	0	3013	1720	163	3013	0
29.03.11 17:15	57	1	52	7	57	4	56	2	31	7	888	8	888	8	888	8	0	0	0	30	0	0	0	1	0	16:29:00	33	1	0	0	0	0	0	4825	0	3013	1720	163	3013	0
29.03.11 17:18	57	5	52	5	57	2	56	2	31	8	888	8	888	8	888	8	0	0	0	0	0	0	0	1	0	16:32:00	33	1	0	0	0	0	0	4825	0	3013	1720	163	3013	0
29.03.11 17:21	58	2	52	1	57	2	56	1	31	5	888	8	888	8	888	8	0	0	0	30	0	0	0	1	0	16:35:00	33	1	0	0	0	0	0	4825	0	3013	1720	163	3013	0
29.03.11 17:24	56	0	52	0	57	1	56	0	30	9	888	8	888	8	888	8	0	0	0	0	0	0	0	1	0	16:38:00	33	1	0	0	0	0	0	4825	0	3013	1720	163	3013	0
29.03.11 17:27	55	9	51	9	57	1	56	0	30	4	888	8	888	8	888	8	0	0	0	0	0	0	0	1	0	16:41:00	33	1	0	0	0	0	0	4825	0	3013	1720	163	3013	0
29.03.11 17:30	57	7	51	5	56	9	55	9	29	6	888	8	888	8	888	8	0	0	0	30	0	0	0	1	0	16:44:00	33	1	0	0	0	0	0	4825	0	3013	1720	163	3013	0
29.03.11 17:33	55	9	51	2	56	9	55	7	28	7	888	8	888	8	888	8	0	0	0	0	0	0	0	1	0	16:47:00	33	1	0	0	0	0	0	4825	0	3013	1720	163	3013	0
29.03.11 17:37	54	6	50	9	56	7	55	7	28	0	888	8	888	8	888	8	0	0	0	0	0	0	0	1	0	16:50:00	33	1	0	0	0	0	0	4825	0	3013	1720	163	3013	0
29.03.11 17:40	54	6	50	6	56	7	55	6	27	4	888	8	888	8	888	8	0	0	0	0	0	0	0	1	0	16:53:00	33	1	0	0	0	0	0	4825	0	3013	1720	163	3013	0
29.03.11 17:43	55	1	50	4	56	6	55	5	27	1	888	8	888	8	888	8	0	0	0	0	0	0	0	1	0	16:56:00	33	1	0	0	0	0	0	4825	0	3013	1720	163	3013	0
29.03.11 17:46	55	9	50	0	56	5	55	4	26	9	888	8	888	8	888	8	0	0	0	30	0	0	0	1	0	16:59:00	33	1	0	0	0	0	0	4825	0	3013	1720	163	3013	0
29.03.11 17:49	52	7	49	7	56	4	55	3	26	9	888	8	888	8	888	8	0	0	0	0	0	0	0	1	0	17:02:00	33	1	0	0	0	0	0	4825	0	3013	1720	163	3013	0
29.03.11 17:52	51	8	49	4	56	4	55	2	27	0	888	8	888	8	888	8	0	0	0	0	0	0	0	1	0	17:05:00	33	1	0	0	0	0	0	4825	0	3013	1720	163	3013	0
29.03.11 17:55	51	7	49	1	56	3	55	2	27	1	888	8	888	8	888	8	0	0	0	0	0	0	0	1	0	17:08:00	33	1	0	0	0	0	0	4825	0	3013	1720	163	3013	0
29.03.11 17:58	51	7	48	8	56	2	55	1	27	3	888	8	888	8	888	8	0	0	0	0	0	0	0	1	0	17:11:00	33	1	0	0	0	0	0	4825	0	3013	1720	163	3013	0
29.03.11 18:01	51	3	48	5	56	1	55	0	27	4	888	8	888	8	888	8	0	0	0	0	0	0	0	1	0	17:14:00	33	1	0	0	0	0	0	4825	0	3013	1720	163	3013	0
29.03.11 18:04	50	8	48	2	56	0	54	9	27	5	888	8	888	8	888	8	0	0	0	0	0	0	0	1	0	17:17:00	33	1	0	0	0	0	0	4825	0	3013	1720	163	3013	0
29.03.11 18:07	50	1	47	9	56	0	54	8	27	6	888	8	888	8	888	8	0	0	0	0	0	0	0	1	0	17:20:00	33	1	0	0	0	0	0	4825	0	3013	1720	164	3013	0
29.03.11 18:10	49	1	47	5	55	9	54	7	27	7	888	8	888	8	888	8	0	0	0	0	0	0	0	1	0	17:23:00	33	1	0	0	0	0	0	4825	0	3013	1720	164	3013	0
29.03.11 18:13	48	2	47	3	55	8	54	7	27	7	888	8	888	8	888	8	0	0	0	0	0	0	0	1	0	17:26:00	33	1	0	0	0	0	0	4825	0	3013	1720	164	3013	0
29.03.11 18:16	47	2	47	0	55	7	54	6	27	7	888	8	888	8	888	8	0	0	0	0	0	0	0	1	0	17:29:00	33	1	0	0	0	0	0	4825	0	3013	1720	164	3013	0
29.03.11 18:19	46	1	46	7	55	7	54	6	27	7	888	8	888	8	888	8	0	0	0	0	0	0	0	1	0	17:32:00	33	1	0	0	0	0	0	4825	0	3013	1720	164	3013	0
29.03.11 18:22	45	0	46	5	55	6	54	5	27	7	888	8	888	8	888	8	0	0	0	0	0	0	0	1	0	17:35:00	33	1	0	0	0	0	0	4825	0	3013	1720	164	3013	0
29.03.11 18:25	44	0	46	2	55	5	54	4	27	7	888	8	888	8	888	8	0	0	0	0	0	0	0	1	0	17:38:00	33	1	0	0	0	0	0	4825	0	3013	1720	164	3013	0
29.03.11 18:28	42	9	45	9	55	4	54	4	27	8	888	8	888	8	888	8	0	0	0	0	0	0	0	1	0	17:41:00	33	1	0	0	0	0	0	4825	0	3013	1720	164	3013	0
29.03.11 18:31	41	9	45	5	55	3	54	2	28	0	888	8	888	8	888	8	0	0	0	0	0	0	0	1	0	17:44:00	33	1	0	0	0	0	0	4825	0	3013	1720	164	3013	0
29.03.11 18:34	41	0	45	0	55	2	54	2	28	5	888	8	888	8	888	8	0	0	0	0	0	0	0	1	0	17:47:00	33	1	0	0	0	0	0	4825	0	3013	1720	164	3013	0
29.03.11 18:37	39	7	44	5	55	2	54	1	29	5	888	8	888	8	888	8	0	0	0	0	0	0	0	1	0	17:50:00	33	1	0	0	0	0	0	4825	0	3013	1720	164	3013	0
29.03.11 18:40	39	1	43	7	55	2	54	0	29	4	888	8	888	8	888	8	0	0	0	0	0	0	0	1	0	17:53:00	33	1	0	0	0	0	0	4825	0	3013	1720	164	3013	0
29.03.11 18:43	38	1	43	1	55	1	53	9	28	9	888	8	888	8	888	8	0	0	0	0	0	0	0	1	0	17:56:00	33	1	0	0	0	0	0	4825	0	3013	1720	164	3013	0
29.03.11 18:46	37	3	42	3	55	0	53	9	30	5	888	8	888	8	888	8	0	0	0	0	0	0	0	1	0	17:59:00	33	1	0	0	0	0	0	4825	0	3013	1720	164	3013	0
29.03.11 18:49	36	5	41	9	54	9	53	8	34	1	888	8	888	8	888	8	0	0	0	0	0	0	0	1	0	18:02:00	33	1	0	0	0	0	0	4825	0	3013	1720	164	3013	0
29.03.11 18:52	35	8	41	4	54	9	53	7	36	4	888	8	888	8	888	8	0	0	0	0	0	0	0	1	0	18:05:00	33	1	0	0	0	0	0	4825	0	3013	1720	164	3013	0
29.03.11 18:55	34	9	41	1	54	7	53	6	37	4	888	8	888	8	888	8	0	0	0	0	0	0	0	1	0	18:08:00	33	1	0	0	0	0	0	4825	0	3013	1720	164	3013	0
29.03.11 18:58	33	9	41	0	54	6	53	6	37	8	888	8	888	8	888	8	0	0	0	0	0	0	0	1	0	18:11:00	33	1	0	0	0	0	0	4825	0	3013	1720	164	3013	0
29.03.11 19:01	33	0	40	9	54	6	53	5	38	0	888	8	888	8	888	8	0	0	0	0	0	0	0	1	0	18:14:00	33	1	0	0	0	0	0	4825	0	3013	1720	164	3013	0
29.03.11 19:04	32	2	40	7	54	5	53	4	38	2	888	8	888	8	888	8	0	0	0	0	0	0	0	1	0	18:17:00	33	1	0	0	0	0	0	4825	0	3013	1720	164	3013	0
29.03.11 19:07	31	6	40	7	54	4	53	3	38	5	888	8	888	8	888	8	0	0	0	0	0	0	0	1	0	18:20:00	33	1	0	0	0	0	0	4825	0	3013	1720	165	3013	0
29.03.11 19:10	30	8	40	5	54	3	53	1	38	8	888	8	888	8	888	8	0	0	0	0	0	0	0	1	0	18:23:00	33	1	0	0	0	0	0	4825	0	3013	1720	165	3013	0
29.03.11 19:13	30	2	40	5	54	2	52	9	39	1	888	8	888	8	888	8	0	0	0	0	0	0	0	1	0	18:26:00	33	1	0	0	0	0	0	4825	0	3013	1720	165	3013	0
29.03.11 19:16	29	7	40	4	54	1	52	3	39	3	888	8	888	8	888	8	0	0	0	0	0	0	0	1	0	18:29:00	33	1	0	0	0	0	0	4825	0	3013	1720	165	3013	0
29.03.11 19:19	29	0	40	4	54	0	51	1	39	5	888	8	888	8	888	8	0	0	0	0	0	0	0	1	0	18:32:00	33	1	0	0	0	0	0	4825	0	3013	1720	165	3013	0
29.03.11 19:22	28	5	40	0	53	9	49	6	39	7	888	8	888	8	888	8	0	0	0	0	0	0	0	1	0	18:35:00	33	1	0	0	0	0	0	4825	0	3013	1720	165	3013	0
29.03.11 19:25	28	0	39	2	53	9	48	3	40	2	888	8	888	8	888	8	0	0	0	0	0	0	0	1	0	18:38:00	33	1	0	0	0	0	0	4825	0	3013	1720	165	3013	0
29.03.11 19:28	27	5	38	5	53	7	46	9	40	9	888	8	888	8	888	8	0	0	0	0	0	0	0	1	0	18:42:00	33	1	0	0	0	0	0	4825	0	3013	1720	165	3013	0
29.03.11 19:31	27	0	37	2	53	6	45	8	41	5	888	8	888	8	888	8	0	0	0	0	0	0	0	1	0	18:45:00	33	1	0	0	0	0	0	4825	0	3013	1720	165	3013	0
29.03.11 19:34	26	6	35	9	53	3	44	7	41	6	888	8	888	8	888	8	0	0	0	0	0	0	0	0	0	18:48:00	33	1	0	0	0	0	0	4825	0	3013	1720	165	3013	0
29.03.11 19:37	26	1	35	2	53	0	44	2	41	5	888	8	888	8	888	8	0	0	0	0	0	0	0	0	0	18:51:00	33	1	0	0	0	0	0	4825	0	3013	1720	165	3013	0
29.03.11 19:40	25	8	34	3	52	8	43	7	41	3	888	8	888	8	888	8	0	0	0	0	0	0	0	0	0	18:54:00	33	1	0	0	0	0	0	4825	0	3013	1720	165	3013	0
29.03.11 19:43	25	3	32	8	52	3	43	1	41	3	888	8	888	8	888	8	0	0	0	0	0	0	0	0	0	18:57:00	33	1	0	0	0	0	0	4825	0	3013	1720	165	3013	0
29.03.11 19:46	24	9	31	7	51	8	42	6	41	3	888	8	888	8	888	8	0	0	0	0	0	0	0	0	0	19:00:00	33	1	0	0	0	0	0	4825	0	3013	1720	165	3013	0
29.03.11 19:49	24	5	31	3	51	5	42	3	41	1	888	8	888	8	888	8	0	0	0	0	0	0	0	0	0	19:03:00	33	1	0	0	0	0	0	4825	0	3013	1720	165	3013	0
29.03.11 19:52	24	1	31	1	51	4	42	1	40	7	888	8	888	8	888	8	0	0	0	0	0	0	0	0	0	19:06:00	33	1	0	0	0	0	0	4825	0	3013	1720	165	3013	0
29.03.11 19:56	23	8	31	0	51	4	41	9	40	4	888	8	888	8	888	8	0	0	0	0	0	0	0	0	0	19:09:00	33	1	0	0	0	0	0	4825	0	3013	1720	165	3013	0
29.03.11 19:59	23	5	30	8	51	5	41	8	40	1	888	8	888	8	888	8	0	0	0	0	0	0	0	0	0	19:12:00	33	1	0	0	0	0	0	4825	0	3013	1720	165	3013	0
